<?xml version='1.0' encoding='utf-8' ?>
<!DOCTYPE document SYSTEM 'file:///C:/Xilinx/12.2/ISE_DS/ISE/chipviewer/data/xsl/buildXML.dtd'>

<document>
<design name='CPU_EU'/>
<rptdir name='CPU_EU'/>
<xilinx path='C:/Xilinx/12.2/ISE_DS/ISE;'/>
<projDir path='E:\CECS 341 Labs\Lab 5\CPU_EU'/>
<xslDir path='chipviewer/data/xsl'/>
<fileDir path='/chipviewer/data/html'/>
<dataFile file='index.htm'/>
<dataFile file='report.htm'/>
<dataFile file='genmsg.htm'/>
<dataFile file='eqns.js'/>
<dataFile file='maplogic.js'/>
<dataFile file='errors.js'/>
<dataFile file='leftnav.js'/>
<dataFile file='paths.js'/>
<dataFile file='summary.js'/>
<dataFile file='topnav.js'/>
<dataFile file='applet.js'/>
<dataFile file='plugin.js'/>
<dataFile file='ns4plugin.js'/>
<dataFile file='equations.htm'/>
<dataFile file='result.htm'/>
<dataFile file='style.css'/>
<dataFile file='blank.gif'/>
<dataFile file='fbview.jpg'/>
<dataFile file='pinview.jpg'/>
<dataFile file='xc9500xl_logo.jpg'/>
<dataFile file='asciidoc.htm'/>
<dataFile file='equationsdoc.htm'/>
<dataFile file='errorsdoc.htm'/>
<dataFile file='failtabledoc.htm'/>
<dataFile file='fbs_FBdoc.htm'/>
<dataFile file='fbsdoc.htm'/>
<dataFile file='inputleftdoc.htm'/>
<dataFile file='logicleftdoc.htm'/>
<dataFile file='mapinputdoc.htm'/>
<dataFile file='maplogicdoc.htm'/>
<dataFile file='optionsdoc.htm'/>
<dataFile file='pinsdoc.htm'/>
<dataFile file='summarydoc.htm'/>
<dataFile file='check.htm'/>
<dataFile file='checkNS4.htm'/>
<dataFile file='appletref.htm'/>
<dataFile file='newappletref.htm'/>
<dataFile file='errors1.gif'/>
<dataFile file='errors2.gif'/>
<dataFile file='equations.gif'/>
<dataFile file='functionblock.gif'/>
<dataFile file='fb1.gif'/>
<dataFile file='legend.gif'/>
<dataFile file='macrocell.gif'/>
<dataFile file='fb.gif'/>
<dataFile file='pin.gif'/>
<dataFile file='pindiagram.gif'/>
<dataFile file='view.gif'/>
<dataFile file='xml8.jpg'/>
<dataFile file='xml7.jpg'/>
<dataFile file='xml6.jpg'/>
<dataFile file='xml5.jpg'/>
<xmlFileGroup id='1'>
<xmlFile file='CPU_EU.xml'>
  <xslFile file='topnav.xsl'>
    <output file='topnav.htm'/>
  </xslFile>
  <xslFile file='leftnav.xsl'>
    <param name='result' value='10'/>
    <output file='leftnav.htm'/>
  </xslFile>
  <xslFile file='print.xsl'>
    <output file='ascii.tmp'/>
  </xslFile>
  <xslFile file='eqns.xsl'>
    <output file='eqns.htm'/>
  </xslFile>
  <xslFile file='summary.xsl'>
    <param name='sumOn' value='1'/>
    <param name='optOn' value='0'/>
    <param name='legendOn' value='0'/>
    <output file='summary.htm'/>
  </xslFile>
</xmlFile>
</xmlFileGroup>
<xmlFileGroup id='2'>
<xmlFile file='CPU_EU.xml'>
  <xslFile file='summary.xsl'>
    <param name='sumOn' value='0'/>
    <param name='optOn' value='1'/>
    <param name='legendOn' value='0'/>
    <output file='options.htm'/>
  </xslFile>
  <xslFile file='printErrors.xsl'>
    <output file='errs.htm'/>
  </xslFile>
  <xslFile file='failtable.xsl'>
    <output file='failtable.htm'/>
  </xslFile>
  <xslFile file='logicleft.xsl'>
    <output file='logicleft.htm'/>
  </xslFile>
  <xslFile file='inputleft.xsl'>
    <output file='inputleft.htm'/>
  </xslFile>
  <xslFile file='wait.xsl'>
    <output file='wait.htm'/>
  </xslFile>
  <xslDebug file='printEqns.xsl'>
    <output file='eqnout.htm'/>
  </xslDebug>
</xmlFile>
<xmlFile file='C:/Xilinx/12.2/ISE_DS/ISE/chipviewer/data/xsl/pinlegend.xml'>
  <xslFile file='legend.xsl'>
    <param name='device' value='XA95144XL-15-CS144'/>
    <param name='verOn' value='0'/>
    <param name='linkName' value='pinlegendV.htm'/>
    <output file='pinlegend.htm'/>
    <param name='device' value='XA95144XL-15-CS144'/>
    <param name='verOn' value='1'/>
    <param name='linkName' value='pinlegend.htm'/>
    <output file='pinlegendV.htm'/>
  </xslFile>
</xmlFile>
<xmlFile file='C:/Xilinx/12.2/ISE_DS/ISE/chipviewer/data/xsl/logiclegend.xml'>
  <xslFile file='legend.xsl'>
    <param name='device' value='XA95144XL-15-CS144'/>
    <param name='verOn' value='0'/>
    <param name='linkName' value='logiclegendV.htm'/>
    <output file='logiclegend.htm'/>
    <param name='device' value='XA95144XL-15-CS144'/>
    <param name='verOn' value='1'/>
    <param name='linkName' value='logiclegend.htm'/>
    <output file='logiclegendV.htm'/>
  </xslFile>
</xmlFile>
</xmlFileGroup>
<rptFile file='CPU_EU.rpt'/>
<timFile file='CPU_EU.tim'/>
</document>
